season,expected_games,parsed_games,dropped_games,coverage_pct
2021,6342,6327,15,0.9976348155156102
2022,7725,7709,16,0.9979288025889967
2023,7944,7908,36,0.9954682779456193
2024,7989,7955,34,0.9957441482037802
2025,8098,8062,36,0.9955544578908373
